﻿<?xml version="1.0" encoding="utf-8"?>
<ClientProfile>

  <!--<DLL FilePath="G:\E_DATAPARSER\E_DATAPARSER\ClientDLL_RCBC\bin\Debug\ClientDLL_RCBC.dll" RunNativeGenerateOutput="True"></DLL>-->
  <DLL FilePath="Profiles\RCBC\ClientDLL_RCBC.dll" RunNativeGenerateOutput="True"></DLL>

   <Input ParserType="Delimited" Delimiter="$"> 
	<Column ID="NAME" IndexPosition="2"></Column>
	<Column ID="CARDNUMBER" IndexPosition="1"></Column>
	<Column ID="BRANCHCODE" IndexPosition="5"></Column>
	<Column ID="BRANCHNAME" IndexPosition="5"></Column>
	<Column ID="ADDRESS" IndexPosition="5"></Column>	
	<Column ID="PRODUCTCODE" IndexPosition="6"></Column>	
	<Column ID="PRODUCTNAME" IndexPosition="6"></Column>		
  </Input>
  
 <Output ParserType="Delimited">
	<Column ID="NAME"></Column>
	<Column ID="CARDNUMBER"></Column>
	<Column ID="BRANCHCODE"></Column>
	<Column ID="BRANCHNAME"></Column>
	<Column ID="ADDRESS"></Column>
	<Column ID="PRODUCTCODE"></Column>	
	<Column ID="PRODUCTNAME"></Column>		
  </Output>
  
 
	
</ClientProfile>